,sensor_id,ciudad,temp_c,nivel_temp,temp_c_z,humedad_%,humedad_%_z,calidad_aire,altitud_m,altitud_m_z
0,S-001,Buenos Aires,25.0,media,-0.40908277367319085,50.0,-1.2368885853815477,buena,25.0,-1.414213562373095
1,S-002,Buenos Aires,26.2,media,-0.013196218505586537,65.0,1.5405558428704338,regular,30.0,0.0
2,S-003,Buenos Aires,28.0,alta,0.5806336142458205,56.7,0.0037032592376712034,buena,35.0,1.414213562373095
3,S-004,Buenos Aires,30.0,alta,1.2404445395251613,55.0,-0.3110737759642206,buena,30.0,0.0
4,S-005,Buenos Aires,22.0,baja,-1.3987991615922022,56.7,0.0037032592376712034,mala,30.0,0.0
