,precio_usd,velocidad_ghz,memoria_gb,consumo_w
precio_usd,1.0,-0.7635182014669271,-0.543213743321998,0.9612008302499186
velocidad_ghz,-0.7635182014669271,1.0,0.3849938958067937,-0.8951610216312891
memoria_gb,-0.543213743321998,0.3849938958067937,1.0,-0.42879199558593234
consumo_w,0.9612008302499186,-0.8951610216312891,-0.42879199558593234,1.0
