,servidor,uso_cpu,uso_cpu_simple,uso_cpu_z,uso_memoria_gb,uso_memoria_simple,uso_memoria_z,temp_c,temp_c_simple,temp_c_z,riesgo_alto
0,servidor-1,45,0.47368421052631576,-0.36091373855791703,32,0.4444444444444444,-0.7643505778959804,55,0.6470588235294118,-0.3872983346207417,False
1,servidor-2,87,0.9157894736842105,0.7028320171917332,64,0.8888888888888888,0.6744269804964532,70,0.8235294117647058,0.3872983346207417,False
2,servidor-3,10,0.10526315789473684,-1.2473685350159587,28,0.3888888888888889,-0.9441977726950346,40,0.47058823529411764,-1.161895003862225,False
3,servidor-4,95,1.0,0.9054502563821427,72,1.0,1.0341213700945617,85,1.0,1.161895003862225,False
