,componente,resistencia_ohm,resistencia_simple,resistencia_min_max,resistencia_z,temperatura_max_c,temperatura_min_max,temperatura_z,duracion_horas,duracion_simple,duracion_min_max,duracion_z
0,Resistor 1/4W,220,0.006666666666666667,0.006516138808910441,-0.49138460966186637,85,0.2,-0.5637345210021216,5000,0.4166666666666667,0.0,-1.255827537418382
1,Capacitor Cerámico,10,0.00030303030303030303,0.00015153811183512653,-0.5041419291523923,105,0.6,0.338240712601273,10000,0.8333333333333334,0.7142857142857143,0.41860917913946066
2,Microcontrolador,33000,1.0,1.0,1.4999722136688065,125,1.0,1.2402159462046676,12000,1.0,1.0,1.0883838657625977
3,Diodo Zener,5,0.00015151515151515152,0.0,-0.5044456748545477,75,0.0,-1.014722137803819,8000,0.6666666666666666,0.42857142857142855,-0.2511655074836764
