,producto,peso_kg,peso_simple,peso_min_max,peso_std,volumen_cm3,volumen_simple,volumen_min_max,volumen_z
0,Laptop HP,1.8,0.5625,0.5333333333333333,0.21243070066677788,4200,0.4772727272727273,0.425,0.029177137194158806
1,Monitor Samsung,3.2,1.0,1.0,1.293896085879466,8800,1.0,1.0,1.3713254481254638
2,Teclado Logitech,0.9,0.28125,0.2333333333333333,-0.48279704696995,2600,0.29545454545454547,0.225,-0.4376570579123821
3,Mouse Genius,0.2,0.0625,0.0,-1.023529739576294,800,0.09090909090909091,0.0,-0.9628455274072406
