,precio_usd,pantalla_pulgadas,bateria_mAh,nro_camaras,almacenamiento_gb
precio_usd,1.0,0.9182893196823514,0.9523360172365491,0.9366628983115828,0.902487764651411
pantalla_pulgadas,0.9182893196823514,1.0,0.9096763317566096,0.946838369410083,0.7691278829236248
bateria_mAh,0.9523360172365491,0.9096763317566096,1.0,0.9549022626218691,0.879323641652713
nro_camaras,0.9366628983115828,0.946838369410083,0.9549022626218691,1.0,0.8876253645985945
almacenamiento_gb,0.902487764651411,0.7691278829236248,0.879323641652713,0.8876253645985945,1.0
