,precio,calificacion
count,6.0,6.0
mean,51.656666666666666,9.049999999999999
std,14.719601443879746,0.3937003937005907
min,29.99,8.5
25%,42.49,8.774999999999999
50%,54.99,9.1
75%,59.99,9.35
max,69.99,9.5
