,edad,nota_final,asistencia_pct
count,10.0,10.0,10.0
mean,16.4,7.92,86.3
std,0.9660917830792959,0.9235198367598221,12.065101187585071
min,15.0,6.5,60.0
25%,16.0,7.125,81.25
50%,16.5,8.0,89.0
75%,17.0,8.649999999999999,94.25
max,18.0,9.1,100.0
