,precio,ram_gb,disco_gb
count,6.0,6.0,6.0
mean,780.0,10.0,632.0
std,147.648230602334,4.898979485566356,301.8025844819756
min,580.0,4.0,256.0
25%,682.5,8.0,512.0
50%,785.0,8.0,512.0
75%,872.5,14.0,878.0
max,980.0,16.0,1000.0
