,duracion_min,puntuacion
count,6.0,6.0
mean,139.0,7.916666666666667
std,32.91200388915874,0.67946057035465
min,92.0,7.1
25%,120.25,7.35
50%,139.5,7.949999999999999
75%,161.75,8.475
max,180.0,8.7
